id;version;function_name;req_time;resp_time;is_active;req_msg_id;request_id;order_id;code;status;message;product_id;issuance_id;voucher_code;voucher_pin;issuance_date;expired_date;extend_info;send_email_notif;created_at;created_by;updated_at;updated_by
1;for accidentally;cappelletti gigantic;2025-04-08T16:52:57;2025-04-08T19:13:35;true;whoa where youthful;ha hungry;subtract wearily account;likewise;within;role pro when;round;inside emphasise;off mmm;bathhouse drain procrastinate;2025-04-08T19:50:29;2025-04-09T05:53:01;season now;2025-04-09T08:06:58;2025-04-08T10:42:27;28175;2025-04-09T09:29:22;16274
2;blah obnoxiously short-term;huzzah;2025-04-09T04:13:48;2025-04-09T05:56:06;false;immediately awareness;jaggedly unlucky;give;live experience;pro webbed newsletter;each brightly climb;extent;smooth;bravely;less;2025-04-08T19:22:22;2025-04-09T07:26:13;crocodile and both;2025-04-09T05:03:12;2025-04-09T09:14:18;8012;2025-04-09T07:17:10;12495
3;even since;notwithstanding;2025-04-08T14:20:59;2025-04-09T07:21:48;true;barring;boohoo pull braid;which concerning;separately petty;biodegradable black-and-white;as;despite unnaturally;allocation unto;thankfully presell;excepting;2025-04-08T15:32:41;2025-04-08T23:06:38;ew;2025-04-08T18:05:38;2025-04-08T11:00:20;27;2025-04-09T01:07:48;16213
4;which sand gee;platter;2025-04-08T16:04:33;2025-04-09T07:56:15;false;amidst deform;overconfidently;schematise yahoo;defiantly procrastinate clamour;questioningly actual;coolly who considering;hm;well;provided readily excluding;brisk;2025-04-08T20:03:56;2025-04-08T23:53:22;around nor;2025-04-09T03:13:59;2025-04-08T22:00:38;1524;2025-04-08T11:23:32;2520
5;near woefully sedately;painfully;2025-04-08T16:54:38;2025-04-08T11:46:41;false;eek especially;beard;yet but obsess;triumphantly pace;psst;status provided;uselessly coaxingly marathon;cafe hence ugh;gadzooks service;boo;2025-04-08T14:17:39;2025-04-08T22:29:46;reference;2025-04-09T05:24:18;2025-04-08T17:01:26;6104;2025-04-09T06:52:54;14079
6;approach;whoa;2025-04-09T00:01:30;2025-04-09T00:04:54;true;well-documented finally;safely cheerful;joyfully deer yet;chase;alongside regularly;roundabout;after instead;mmm rarely between;wherever convince however;bah tempting;2025-04-09T03:25:56;2025-04-09T09:16:52;aha;2025-04-08T10:48:37;2025-04-09T00:18:20;19971;2025-04-09T04:21:54;19400
7;for gosh moral;until accentuate;2025-04-08T19:10:23;2025-04-08T13:58:15;true;toward;sadly innocent aside;lest;overconfidently boldly analyse;concerning lest prestigious;skateboard pack;pish;except failing;pish next;following yuck;2025-04-08T10:49:14;2025-04-09T02:29:01;suffice;2025-04-09T09:28:22;2025-04-08T20:17:26;6261;2025-04-08T11:54:51;5609
8;judgementally rue frenetically;ick ouch;2025-04-08T12:04:20;2025-04-08T18:13:40;true;fatal so delightfully;naturally shyly boohoo;simple instead around;forenenst knitting seafood;terraform;soliloquy monstrous meanwhile;aw cutlet meh;and superior;finally joshingly nectarine;alongside;2025-04-09T02:58:20;2025-04-08T19:36:39;yum celsius;2025-04-09T00:21:27;2025-04-08T18:46:50;30962;2025-04-08T11:15:06;4555
9;annually underneath;sense;2025-04-09T05:55:59;2025-04-09T10:04:44;false;hmph putrid;because unpleasant;carelessly airline where;dusk gah under;pant luck shameful;inconsequential concentration while;boohoo;thrifty;pivot where hence;without;2025-04-09T00:54:27;2025-04-08T11:54:55;polite;2025-04-08T16:35:29;2025-04-09T02:36:05;9643;2025-04-08T18:38:01;18750
10;whether utterly;even;2025-04-09T02:33:54;2025-04-08T16:37:29;true;hence or mechanically;impanel;round uselessly efface;yawn;cruelly of trusty;vacantly once notwithstanding;bookcase;throughout opposite;nor;lively consequently legend;2025-04-09T03:15:46;2025-04-09T09:51:03;um uh-huh;2025-04-09T03:35:27;2025-04-08T15:14:54;13997;2025-04-08T16:00:51;7516
