id;transaction_id;title;info;created_at;created_by;updated_at;updated_by
1;9911;brush off;pleasant during ack;2025-04-09T07:41:39;6683;2025-04-08T19:24:43;2945
2;17328;down save ack;gray;2025-04-09T02:41:48;581;2025-04-08T22:40:31;29760
3;31965;per elegantly;inside gah since;2025-04-08T13:44:57;20131;2025-04-09T00:55:55;32317
4;24729;recklessly switchboard;that;2025-04-09T03:33:42;15184;2025-04-09T05:01:41;11626
5;2465;unwilling;muffled misjudge;2025-04-08T19:38:50;16107;2025-04-08T10:36:33;1965
6;6424;aha minister;courageously tankful;2025-04-09T03:13:08;18545;2025-04-09T01:01:43;20092
7;21764;ew even;throbbing ew;2025-04-08T19:02:08;27020;2025-04-09T05:13:34;12450
8;11601;readily meanwhile;mountain provided freely;2025-04-09T02:39:03;31312;2025-04-08T13:23:05;12762
9;7758;yowza lest;yahoo readjust knowledgeably;2025-04-08T13:30:26;4139;2025-04-09T07:13:05;29659
10;2774;worth humor forenenst;inwardly chip starboard;2025-04-08T19:45:19;1149;2025-04-09T02:24:32;7987
